id;is_fixed;title;description
1;true;help-desk monitor Hat;1080p National Visionary
2;true;envisioneer executive;Costa Rican Colon
3;true;Health Netherlands Montana;Soap paradigms
4;true;Tools backing up;Bedfordshire Computers Mouse
5;true;heuristic Gorgeous Steel Pizza;Extended Drives
6;true;Home;Savings Account
7;true;azure Analyst software;infrastructure reinvent frame
8;false;tan Fully-configurable users;Practical Fresh Chicken Cotton
9;true;Bedfordshire New Mexico;index
10;true;PNG Supervisor;Infrastructure
